<?xml version="1.0" encoding="utf-8" ?>
<dwsync>
<file name="16-member.png" server="ftp.pixelfuze.co.uk" local="128631952200000000" remote="128631952200000000" />
<file name="archive.gif" server="ftp.pixelfuze.co.uk" local="128631952200000000" remote="128631952200000000" />
<file name="arrow_left.png" server="ftp.pixelfuze.co.uk" local="128631952200000000" remote="128631952200000000" />
<file name="arrow_right.png" server="ftp.pixelfuze.co.uk" local="128631952200000000" remote="128631952200000000" />
<file name="book_addresses.png" server="ftp.pixelfuze.co.uk" local="128631952200000000" remote="128631952200000000" />
<file name="book_next.png" server="ftp.pixelfuze.co.uk" local="128631952200000000" remote="128631952200000000" />
<file name="bullet_magnify.png" server="ftp.pixelfuze.co.uk" local="128631952200000000" remote="128631952200000000" />
<file name="button_bg.png" server="ftp.pixelfuze.co.uk" local="128631952200000000" remote="128631952200000000" />
<file name="button_bg_hover.png" server="ftp.pixelfuze.co.uk" local="128631952200000000" remote="128631952200000000" />
<file name="button_shine.gif" server="ftp.pixelfuze.co.uk" local="128631952200000000" remote="128631952200000000" />
<file name="calendar.png" server="ftp.pixelfuze.co.uk" local="128631952200000000" remote="128631952200000000" />
<file name="category.gif" server="ftp.pixelfuze.co.uk" local="128631952200000000" remote="128631952200000000" />
<file name="comments.png" server="ftp.pixelfuze.co.uk" local="128631952200000000" remote="128631952200000000" />
<file name="comments_add.png" server="ftp.pixelfuze.co.uk" local="128631952200000000" remote="128631952200000000" />
<file name="email.png" server="ftp.pixelfuze.co.uk" local="128631952200000000" remote="128631952200000000" />
<file name="footer_bg.jpg" server="ftp.pixelfuze.co.uk" local="128631952200000000" remote="128631952200000000" />
<file name="header_bg.jpg" server="ftp.pixelfuze.co.uk" local="128631951600000000" remote="128631951600000000" />
<file name="header_overlay.png" server="ftp.pixelfuze.co.uk" local="128631951600000000" remote="128631951600000000" />
<file name="intro_bg.jpg" server="ftp.pixelfuze.co.uk" local="128631951600000000" remote="128631951600000000" />
<file name="navbg.png" server="ftp.pixelfuze.co.uk" local="128631952200000000" remote="128631952200000000" />
<file name="phone.png" server="ftp.pixelfuze.co.uk" local="128631952200000000" remote="128631952200000000" />
<file name="photo.jpg" server="ftp.pixelfuze.co.uk" local="128631951600000000" remote="128631951600000000" />
<file name="photo2.jpg" server="ftp.pixelfuze.co.uk" local="128631951600000000" remote="128631951600000000" />
<file name="plant.jpg" server="ftp.pixelfuze.co.uk" local="128631951600000000" remote="128631951600000000" />
<file name="postit.png" server="ftp.pixelfuze.co.uk" local="128631951600000000" remote="128631951600000000" />
<file name="quote_left.png" server="ftp.pixelfuze.co.uk" local="128632710600000000" remote="128632710600000000" />
<file name="quote_right.png" server="ftp.pixelfuze.co.uk" local="128632711200000000" remote="128632711200000000" />
<file name="right_bg.jpg" server="ftp.pixelfuze.co.uk" local="128631951600000000" remote="128631951600000000" />
<file name="search_bg.gif" server="ftp.pixelfuze.co.uk" local="128631952200000000" remote="128631952200000000" />
<file name="searchbox.gif" server="ftp.pixelfuze.co.uk" local="128631951600000000" remote="128631951600000000" />
<file name="send_button.png" server="ftp.pixelfuze.co.uk" local="128631952200000000" remote="128631952200000000" />
<file name="underline.png" server="ftp.pixelfuze.co.uk" local="128631952200000000" remote="128631952200000000" />
<file name="watercolor-bg.gif" server="ftp.pixelfuze.co.uk" local="128631951600000000" remote="128631951600000000" />
</dwsync>